{
  "total_pums_records": 1853429,
  "total_weighted_population": 39242785.0,
  "puma_count": 281,
  "per_subculture_weighted_total": {
    "queer_leftist": 38007.88811188811,
    "married_gays": 206227.33333333334,
    "crumbl_cookie_couple": 1318933.4107142861,
    "bilingual_baddie": 1114029.277777778,
    "hill_people": 220455.73972602736,
    "crazy_person": 816475.0952380943
  }
}