{
  "total_pums_records": 392318,
  "total_weighted_population": 38965193.0,
  "puma_count": 281,
  "per_subculture_weighted_total": {
    "queer_leftist": 996299.6346153849,
    "married_gays": 232113.11111111112,
    "crumbl_cookie_couple": 1398246.464285714,
    "bilingual_baddie": 1115556.3333333333,
    "wino": 4876584.977272727,
    "hill_people": 219839.5342465753,
    "stupid_guy": 1004788.5510204083
  }
}