{
  "total_pums_records": 392318,
  "total_weighted_population": 38965193.0,
  "puma_count": 281,
  "per_subculture_weighted_total": {
    "queer_leftist": 1587627.4722222222,
    "crumbl_cookie_couple": 593362.1607142858,
    "bilingual_baddie": 1115556.3333333333,
    "wino": 5289312.000000002,
    "hill_people": 219839.5342465753,
    "stupid_guy": 1004788.5510204083
  }
}