{
  "total_pums_records": 392318,
  "total_weighted_population": 38965193.0,
  "puma_count": 281,
  "per_subculture_weighted_total": {
    "queer_leftist": 2055006.4864864864,
    "married_gays": 232113.11111111112,
    "crumbl_cookie_couple": 1398246.464285714,
    "bilingual_baddie": 1115556.3333333333,
    "hill_people": 219839.5342465753,
    "crazy_person": 823780.2023809522
  }
}